{"cameraMode":{"drawMode":0,"name":"Shaded","section":"Shading Mode"},"sceneLighting":true,"audioPlay":false,"sceneViewState":{"m_AlwaysRefresh":false,"showFog":true,"showSkybox":true,"showFlares":true,"showImageEffects":true,"showParticleSystems":true,"showVisualEffectGraphs":true,"m_FxEnabled":true},"in2DMode":false,"pivot":{"x":-12.478032112121582,"y":1.090449333190918,"z":-19.647987365722658},"rotation":{"x":-0.06533881276845932,"y":-0.2640955150127411,"z":0.01793745905160904,"w":-0.9620957374572754},"size":0.5319719910621643,"orthographic":false}